name,route_start,route_end,commute_time,carpool_preference
Alejandro Anderson,28559 Hunter Branch,63902 Rachel Mountain Apt. 008,8:00 AM,No
Frank Ford,32694 Mcbride Shores,367 Silva Shoals Suite 863,7:00 AM,No
Stephanie Church,2162 Morris Walk Suite 891,8698 Tara Road Suite 703,8:00 AM,No
Stephanie Henry DVM,16291 George Plains Suite 956,11123 Alyssa Row,7:00 AM,No
Kari Frank,740 Barajas Loaf Suite 310,404 Smith Lodge,9:00 AM,Yes
Brittany Reed,229 Kenneth Meadows,28170 Brown Turnpike Suite 550,9:00 AM,No
Joshua Moore,37322 Johnson Trace Apt. 645,620 Jeremy Unions,9:00 AM,No
Dawn Shea,629 Norton Lock,93362 Barker Crest Apt. 597,9:00 AM,No
James Barrera,96769 Chase Lodge Suite 680,915 Michelle Drive,7:00 AM,No
Patrick Dickson,96556 Kenneth Islands Suite 290,1492 Phillip Stream,8:00 AM,No
Joseph Wagner,06063 David Rest,8980 Michael Vista,9:00 AM,Yes
Joseph Porter,8271 Blair Views Suite 214,51370 Lopez Gardens Apt. 409,8:00 AM,No
Emily Moses,88430 Jackson Canyon Apt. 130,156 Ellis Summit,8:00 AM,No
Christy Torres,7481 Amanda Stream Suite 207,3329 White Pike Suite 717,8:00 AM,Yes
Alan Cobb,6547 Wright Viaduct,182 Barbara Hills,9:00 AM,Yes
Michelle Short,6724 Clayton Station,772 Reese Green Suite 582,7:00 AM,No
Heather Richardson,70442 Kaylee Unions,414 Robert Hills,8:00 AM,Yes
Chelsea Mendoza,97346 Richard Curve Apt. 287,1663 Cantrell Meadow,8:00 AM,Yes
Micheal Anderson,54973 Sara Plains Suite 978,63122 Nash Unions,7:00 AM,Yes
Denise Serrano,3627 Jeffrey Plaza Suite 311,7583 Alex Canyon,9:00 AM,Yes
Anthony Mercado,593 Mike Unions Suite 864,6433 Allen Shoals,7:00 AM,No
Antonio Hernandez,84434 Price Parkway,08787 Werner Falls Suite 426,7:00 AM,No
Brandon Herrera,9962 Richards Ranch,73987 Austin Loop Suite 366,7:00 AM,Yes
Amber Barnes,507 Morrison Gateway,977 Philip Garden,9:00 AM,No
David Anderson,01286 Carl Cliff Suite 739,362 Alvarez Gateway,8:00 AM,No
Andrew Conway,8208 Karen Turnpike,295 Jessica Circles,8:00 AM,No
Barbara Diaz,323 Travis Radial Apt. 052,0091 Morgan Bypass,7:00 AM,Yes
Patrick Harris,79157 Hatfield Landing Apt. 126,464 Petty Springs,9:00 AM,No
Daniel Murphy,22876 Tyler Mission,8129 Romero Road,9:00 AM,Yes
Shelly Cortez,7582 Brittany Hills Suite 156,532 Sean Gateway Suite 274,9:00 AM,Yes
Dale Thompson,822 Clayton Trail,5030 Laura Cape,7:00 AM,Yes
Christopher Moore,45725 Louis Square,961 Morales Mount,8:00 AM,No
Cynthia Hopkins,83328 Charlotte Causeway,25300 Leah Meadow,7:00 AM,No
Edward Weaver,17317 Goodwin Forge Suite 542,970 Burns View Suite 370,9:00 AM,No
Chris Nash,905 Gonzalez Hill,3877 Clark Fall Apt. 041,7:00 AM,No
Angela Smith,847 Kevin Rue Suite 142,47890 May Extensions,8:00 AM,No
Jesse Bailey,250 Vazquez Flat,899 Small Unions Apt. 836,8:00 AM,Yes
Matthew Chang,79103 West Road Apt. 545,1938 Christina Oval Apt. 307,9:00 AM,Yes
Kurt Hobbs,31420 Brown Forges Apt. 753,392 Murray Summit,8:00 AM,Yes
Judy Gould,4971 Julia Land Apt. 997,755 Michele Stream Suite 057,9:00 AM,Yes
Sarah Freeman,895 Jose Points,7087 Dawn Key Apt. 325,8:00 AM,No
Aaron Martinez,776 Doris Trafficway,77073 James Branch,9:00 AM,No
Connie Vaughan,74350 Price Pine,87966 Sanchez Causeway,9:00 AM,No
Daniel Mcbride,14224 Anthony Fork Apt. 567,604 Barry Road,8:00 AM,Yes
Elizabeth Gates,28415 Benjamin Grove Suite 995,253 Andrea Pike Suite 387,9:00 AM,Yes
Lauren Cunningham,1989 Tracy Flat,694 Alicia Mews,7:00 AM,Yes
Elizabeth Sutton,806 Donna Divide,05167 Harmon Islands Apt. 163,9:00 AM,Yes
Christina Meza,832 Michael Circles,0299 Green Tunnel Suite 747,7:00 AM,Yes
Nathan Black,0501 Drake Radial,181 Vasquez Prairie,7:00 AM,No
Robert Novak,321 Cody Mall,630 Jeffrey Turnpike,8:00 AM,No
Sara Brown,6158 Davis Alley,156 William Heights,8:00 AM,No
Scott Miller,48979 Jacqueline Island Suite 436,1967 Summers Street Suite 668,8:00 AM,No
Heather Terry,30955 Leonard Crescent Apt. 458,5429 Barnes Port Suite 973,7:00 AM,Yes
Samantha Rogers,5538 Michael Ports,59977 Allen Forks,9:00 AM,Yes
Stacey Collins,519 Erin Inlet,46322 Hartman Island,7:00 AM,No
Deborah Perry,64500 Robertson Mount Suite 598,9675 Harris Parkway,9:00 AM,Yes
Christopher Cox,1255 Allen Via Apt. 566,941 Hunt Summit,8:00 AM,Yes
Elizabeth Brady,0026 Peterson Forge,486 Mitchell Street Apt. 409,8:00 AM,Yes
Tanya Meyer,103 Angela Brooks,12299 Manuel Landing Suite 229,7:00 AM,Yes
Jeffrey Smith,6235 Bennett Estates Apt. 648,5186 Maxwell Village Suite 123,7:00 AM,No
Stephanie Hart,08344 Kimberly Gateway,905 Kurt Throughway Suite 155,7:00 AM,Yes
Angela Mckenzie,23316 Bradley Causeway Apt. 717,94429 Mccoy Expressway Suite 203,7:00 AM,Yes
Brenda Weaver,396 Tamara Skyway,01773 Drew Keys,9:00 AM,No
Patrick Brown,01869 Anthony Avenue,062 Mcdonald Land Apt. 693,9:00 AM,No
Brian Smith,68631 Anderson Ports Suite 039,612 Lee Extensions,8:00 AM,Yes
Bryan Stewart,61558 April Center Apt. 018,22527 Jonathan Oval Apt. 925,8:00 AM,Yes
Timothy Cowan,6356 Austin Point,01266 Larry Manors,7:00 AM,Yes
Jeremy Graham,428 Chapman Knolls Suite 956,2474 Marie Track,8:00 AM,Yes
Annette Patton,6829 Erin Turnpike Suite 800,026 Thompson Green,9:00 AM,Yes
Michael Carr,0423 Patterson Crescent,4554 Jasmin Lodge Suite 627,8:00 AM,Yes
Andrea Reed,242 Mcdonald Centers Suite 305,970 Sarah Rest Suite 465,9:00 AM,No
Sheila Bauer,31823 Christine Bypass,9879 Samantha Summit Suite 396,8:00 AM,No
Cynthia Rivera,5071 Valerie Lakes Apt. 256,677 Williams Islands Apt. 775,8:00 AM,Yes
Mark Jones,17077 Anderson Cliffs,60356 Hill Run Apt. 985,8:00 AM,No
Emily Mcmillan,82465 Mcdonald Forest Suite 246,164 Monica Squares Suite 695,8:00 AM,Yes
Marissa Johnson,4126 Shawna Station,5803 Velazquez Trail,7:00 AM,Yes
Michael Bates,607 Stewart Points Suite 644,9382 Laura Landing,8:00 AM,Yes
Lee Yates,156 William Gateway Apt. 305,198 Jeffery Garden Suite 388,8:00 AM,Yes
Matthew Flores,681 Petty Corners Suite 908,8032 Rodriguez Pike Suite 393,9:00 AM,No
Lindsey Gillespie,9456 Bass Meadow,63712 Jay Circles Suite 527,7:00 AM,Yes
Kerry Johnson,734 Reyes Rest,1962 Sawyer Squares,7:00 AM,Yes
Joshua Smith,0059 Long Plaza,309 Clinton Road,9:00 AM,No
Eric Harrington,63833 Pearson Underpass Suite 567,31152 Moon Orchard Suite 933,8:00 AM,Yes
Susan Beltran,94286 Hughes Knoll,1928 Serrano Ranch Apt. 838,7:00 AM,No
Brandon Hill,5697 Brown Tunnel Suite 504,66348 Mary Ridges,7:00 AM,Yes
Jonathan Lam,50040 Debra Cove Apt. 108,106 Renee Drive,7:00 AM,No
Nicole Rios,5854 Christopher Walk,3986 Hill Rapids,8:00 AM,Yes
Jamie Cole,8425 Henderson Parkways,792 Galvan Hill Suite 142,9:00 AM,No
Sarah Jones,06557 Susan Divide Suite 085,557 Hopkins Inlet,8:00 AM,No
Arthur Dean,52917 Nielsen Junction,24760 Janet Mall Apt. 676,7:00 AM,Yes
Sheila Nolan,5921 Jeffrey Burgs Suite 869,363 Julia Inlet,7:00 AM,No
Katherine Martin,939 Scott Square,19315 Beck Shore Suite 041,7:00 AM,Yes
Steve Callahan,15829 Brittany Crescent Apt. 295,072 Ernest Oval Suite 761,7:00 AM,Yes
Katherine Brown,55261 Jacobs Park,50286 White Parkway,7:00 AM,No
Robert Leonard,66270 Kristi Island Suite 704,4155 Rodriguez Plain,7:00 AM,Yes
Leon Payne,03419 Howard Trafficway,13882 Cindy Bridge Suite 800,8:00 AM,Yes
Tyrone Chapman,208 Jose Vista Apt. 808,53742 Velez Alley Suite 337,9:00 AM,No
James Sandoval,610 Bates Pine Apt. 712,566 Clarence Passage Suite 319,7:00 AM,Yes
Jill Patton,012 John Plaza,68679 Justin Mount Apt. 801,9:00 AM,Yes
Stefanie Harper,9187 Erica Union,62667 Rivas Parkway Apt. 661,7:00 AM,No
